"","Catalog.Number","Fish.ID","Family.Species","lat","long","Year.Collected"
"1","FMNH 52280","FMNH 52280_01","Clupea palasii ",48.600556,-122.961944,1900
"2","FMNH 52280","FMNH 52280_02","Clupea palasii ",48.600556,-122.961944,1900
"3","FMNH 52280","FMNH 52280_03","Clupea palasii ",48.600556,-122.961944,1900
"4","FMNH 52280","FMNH 52280_04","Clupea palasii ",48.600556,-122.961944,1900
"5","FMNH 52280","FMNH 52280_05","Clupea palasii ",48.600556,-122.961944,1900
"6","FMNH 52280","FMNH 52280_06","Clupea palasii ",48.600556,-122.961944,1900
"7","FMNH 52280","FMNH 52280_07","Clupea palasii ",48.600556,-122.961944,1900
"8","FMNH 52280","FMNH 52280_08","Clupea palasii ",48.600556,-122.961944,1900
"9","FMNH 52280","FMNH 52280_09","Clupea palasii ",48.600556,-122.961944,1900
"10","FMNH 52280","FMNH 52280_10","Clupea palasii ",48.600556,-122.961944,1900
"11","UW 000817","UW 000817_01","Clupea palasii pallasii",47.58291,-122.4509,1929
"12","UW 000817","UW 000817_02","Clupea palasii pallasii",47.58291,-122.4509,1929
"13","UW 000817","UW 000817_03","Clupea palasii pallasii",47.58291,-122.4509,1929
"14","UW 000817","UW 000817_04","Clupea palasii pallasii",47.58291,-122.4509,1929
"15","UW 000817","UW 000817_05","Clupea palasii pallasii",47.58291,-122.4509,1929
"16","UW 000742","UW 000742_01","Clupea palasii pallasii",48.6330603,-122.87028,1929
"17","UW 000742","UW 000742_02","Clupea palasii pallasii",48.09012,-122.7601,1929
"18","UW 000742","UW 000742_03","Clupea palasii pallasii",48.6330603,-122.87028,1929
"19","UW 000583","UW 000583_01","Clupea palasii pallasii",48.54748,-122.9941,1929
"20","UW 000568","UW 000568_01","Clupea palasii pallasii",48.56046599,-122.9459595,1929
"21","UW 000568","UW 000568_02","Clupea palasii pallasii",48.56046599,-122.9459595,1929
"22","UW 000568","UW 000568_03","Clupea palasii pallasii",48.56046599,-122.9459595,1929
"23","UW 000568","UW 000568_04","Clupea palasii pallasii",48.56046599,-122.9459595,1929
"24","UW 000568","UW 000568_05","Clupea palasii pallasii",48.56046599,-122.9459595,1929
"25","UW 000656","UW 000656_01","Clupea palasii pallasii",47.58291,-122.4509,1930
"26","UW 001170","UW 001170_01","Clupea palasii pallasii",48.54748,-122.9941,1930
"27","UW 001170","UW 001170_02","Clupea palasii pallasii",48.54748,-122.9941,1930
"28","UW 002294","UW 002294_01","Clupea palasii pallasii",48.09012,-122.7601,1932
"29","UW 002947","UW 002947_01","Clupea palasii pallasii",48.61004072,-123.1543022,1933
"30","UW 002947","UW 002947_02","Clupea palasii pallasii",48.61004072,-123.1543022,1933
"31","UW 005105","UW 005105_01","Clupea palasii pallasii",48.25888483,-122.485225,1935
"32","UW 005105","UW 005105_02","Clupea palasii pallasii",48.25888483,-122.485225,1935
"33","UW 004669","UW 004669_01","Clupea palasii pallasii",47.28910758,-122.453718,1938
"34","UW 004669","UW 004669_02","Clupea palasii pallasii",47.28910758,-122.453718,1938
"35","UW 005633","UW 005633_01","Clupea palasii pallasii",NA,NA,1938
"36","UW 014963","UW 014963_01","Clupea palasii pallasii",47.607778,-122.426389,1939
"37","UW 014963","UW 014963_02","Clupea palasii pallasii",47.607778,-122.426389,1939
"38","UW 014963","UW 014963_03","Clupea palasii pallasii",47.607778,-122.426389,1939
"39","UW 005470","UW 005470_01","Clupea palasii pallasii",47.79898,-122.436,1946
"40","UW 005470","UW 005470_02","Clupea palasii pallasii",47.79898,-122.436,1946
"41","UW 005470","UW 005470_03","Clupea palasii pallasii",47.79898,-122.436,1946
"42","UW 005470","UW 005470_04","Clupea palasii pallasii",47.79898,-122.436,1946
"43","ANSP 82736","ANSP82736_01","Clupea palasii pallasii",48.50752289,-122.6750256,1949
"44","INHS 103170","INHW 103170_01","Clupea palasii pallasii",48.53797,-122.95349,1950
"45","INHS 103170","INHW 103170_02","Clupea palasii pallasii",48.53797,-122.95349,1950
"46","OSUM 18493","OSUM 18493_02","Clupea palasii pallasii",48.54748,-122.9941,1961
"47","OSUM 18493","OSUM 18493_03","Clupea palasii pallasii",48.54748,-122.9941,1961
"48","OSUM 18493","OSUM 18493_04","Clupea palasii pallasii",48.54748,-122.9941,1961
"49","OSUM 18493","OSUM 18493_01","Clupea palasii pallasii",48.54748,-122.9941,1961
"50","OSUM 18493","OSUM 18493_06","Clupea palasii pallasii",48.54748,-122.9941,1961
"51","OSUM 18493","OSUM 18493_07","Clupea palasii pallasii",48.54748,-122.9941,1961
"52","OSUM 18493","OSUM 18493_08","Clupea palasii pallasii",48.54748,-122.9941,1961
"53","OSUM 18493","OSUM 18493_05","Clupea palasii pallasii",48.54748,-122.9941,1961
"54","SIO 15-495","SIO 15-495_03","Clupea palasii pallasii",48.51498,-123.017,1963
"55","UW 017061","UW 017061_01","Clupea palasii pallasii",48.54748,-122.9941,1963
"56","UW 017127","UW 017127_01","Clupea palasii pallasii",48.6330603,-122.87028,1963
"57","SIO 15-495","SIO 15-495_01","Clupea palasii pallasii",48.51498,-123.017,1963
"58","SIO 15-495","SIO 15-495_02","Clupea palasii pallasii",48.51498,-123.017,1963
"59","UW 017127","UW 017127_02","Clupea palasii pallasii",48.6330603,-122.87028,1963
"60","UW 026567","UW 026567_01","Clupea palasii pallasii",48.09012,-122.7601,1978
"61","UW026567","UW 026567_02","Clupea palasii pallasii",48.09012,-122.7601,1978
"62","UW 022357","UW 022357_01","Clupea palasii pallasii",47.838636,-122.81465,1979
"63","UW 041309","UW 041309_07","Clupea palasii pallasii",48.09012,-122.7601,1979
"64","UW 041309","UW 041309_03","Clupea palasii pallasii",48.09012,-122.7601,1979
"65","UW 041309","UW 041309_04","Clupea palasii pallasii",48.09012,-122.7601,1979
"66","UW 041309","UW 041309_01","Clupea palasii pallasii",48.09012,-122.7601,1979
"67","UW 041309","UW 041309_02","Clupea palasii pallasii",48.09012,-122.7601,1979
"68","UW 041309","UW 041309_05","Clupea palasii pallasii",48.09012,-122.7601,1979
"69","UW 041309","UW 041309_06","Clupea palasii pallasii",48.09012,-122.7601,1979
"70","UW 026570","UW 026570_01","Clupea palasii pallasii",47.1413,-122.7658,1980
"71","UW 026570","UW 026570_02","Clupea palasii pallasii",47.1413,-122.7658,1980
"72","UW 026570","UW 026570_03","Clupea palasii pallasii",47.1413,-122.7658,1980
"73","UW 026561","UW 026561_01","Clupea palasii pallasii",NA,NA,1981
"74","UW 045035","UW 045035_01","Clupea palasii pallasii",47.8,-122.8,1985
"75","UW 045046","UW 045046_01","Clupea palasii pallasii",47.8,-122.8,1985
"76","UW 045056","UW 045056_01","Clupea palasii pallasii",47.75,-122.8333,1985
"77","UW 045252","UW 045252_01","Clupea palasii pallasii",47.75,-122.8333,1986
"78","UW 045083","UW 045083_01","Clupea palasii pallasii",47.75,-122.8333,1986
"79","UW 045245","UW 045245_01","Clupea palasii pallasii",47.838636,-122.81465,1987
"80","UW 045486","UW 045486_01","Clupea palasii pallasii",47.75,-122.8333,1987
"81","UW 045184","UW 045184_01","Clupea palasii pallasii",47.75,-122.8333,1987
"82","UW 111228","UW 111228_02","Clupea palasii pallasii",47.7333,-122.5167,1989
"83","UW 111228","UW 111228_01","Clupea palasii pallasii",47.7333,-122.5167,1989
"84","UW 110761","UW 110761_01","Clupea palasii pallasii",47.62188148,-122.9514006,1991
"85","UW 110761","UW 110761_03","Clupea palasii pallasii",47.62188148,-122.9514006,1991
"86","UW 110761","UW 110761_04","Clupea palasii pallasii",47.62188148,-122.9514006,1991
"87","UW 110761","UW 110761_05","Clupea palasii pallasii",47.62188148,-122.9514006,1991
"88","UW 110761","UW 110761_02","Clupea palasii pallasii",47.62188148,-122.9514006,1991
"89","UW 110761","UW 110761_06","Clupea palasii pallasii",47.62188148,-122.9514006,1991
"90","UW110357","UW 110357_05","Clupea palasii pallasii",47.61302061,-122.9510071,1992
"91","UW110357","UW 110357_06","Clupea palasii pallasii",47.61302061,-122.9510071,1992
"92","UW 110357","UW 110357_07","Clupea palasii pallasii",47.61302061,-122.9510071,1992
"93","UW 110361","UW 110361_01","Clupea palasii pallasii",48.04189,-122.5249,1992
"94","UW 110357","UW 110357_01","Clupea palasii pallasii",47.61302061,-122.9510071,1992
"95","UW 110357","UW 110357_02","Clupea palasii pallasii",47.61302061,-122.9510071,1992
"96","UW 110357","UW 110357_03","Clupea palasii pallasii",47.61302061,-122.9510071,1992
"97","UW 110357","UW 110357_04","Clupea palasii pallasii",47.61302061,-122.9510071,1992
"98","UW 157328","UW 157328_04","Clupea palasii pallasii",48.4147,-122.6001,2015
"99","UW 157328","UW 157328_06","Clupea palasii pallasii",48.4147,-122.6001,2015
"100","UW 157328","UW 157328_01","Clupea palasii pallasii",48.4147,-122.6001,2015
"101","UW 157328","UW 157328_03","Clupea palasii pallasii",48.4147,-122.6001,2015
"102","UW 157329","UW 157329_02","Clupea palasii pallasii",48.4147,-122.6001,2015
"103","UW 157329","UW 157329_04","Clupea palasii pallasii",48.4147,-122.6001,2015
"104","UW 157328","UW 157328_07","Clupea palasii pallasii",48.4147,-122.6001,2015
"105","UW 157329","UW 157329_01","Clupea palasii pallasii",48.4147,-122.6001,2015
"106","UW 157329","UW 157329_06","Clupea palasii pallasii",48.4147,-122.6001,2015
"107","UW 157329","UW 157329_07","Clupea palasii pallasii",48.4147,-122.6001,2015
"108","UW 1133","UW 1133_01","Parophrys vetulus",48.54748,-122.9941,1930
"109","UW 1177","UW 1177_01","Parophrys vetulus",48.54748,-122.9941,1930
"110","UW 1177","UW 1177_02","Parophrys vetulus",48.54748,-122.9941,1930
"111","UW 789","UW 789_01","Parophrys vetulus",47.58291,-122.4509,1930
"112","UW 789","UW 789_02","Parophrys vetulus",47.58291,-122.4509,1930
"113","UW 2269","UW 2269_01","Parophrys vetulus",48.54748,-122.9941,1932
"114","UW 2269","UW 2269_02","Parophrys vetulus",48.54748,-122.9941,1932
"115","UW 5053","UW 5053_01","Parophrys vetulus",47.70623,-122.3934,1938
"116","UW 16589","UW 16589","Parophrys vetulus",47.58291,-122.4509,1939
"117","UW 4491","UW 4491_01","Parophrys vetulus",47.70962,-122.4065,1939
"118","UW 4495","UW 4495_01","Parophrys vetulus",47.70962,-122.4065,1939
"119","UW 4579","UW 4579_01","Parophrys vetulus",47.67337,-122.4112,1939
"120","UW 4614","UW 4614_01","Parophrys vetulus",47.67337,-122.4112,1939
"121","UW 4794","UW 4794_01","Parophrys vetulus",47.3531,-122.3422,1939
"122","UW 4827","UW 4827","Parophrys vetulus",47.58291,-122.4509,1941
"123","UW 4885","UW 4885_01","Parophrys vetulus",47.58291,-122.4509,1941
"124","UW 4885","UW 4885_02","Parophrys vetulus",47.58291,-122.4509,1941
"125","UW 4925","UW 4925_01","Parophrys vetulus",47.79898,-122.436,1941
"126","UW 4925","UW 4925_02","Parophrys vetulus",47.79898,-122.436,1941
"127","UW 16616","UW 16616_01","Parophrys vetulus",47.79898,-122.436,1942
"128","UW 16616","UW 16616_02","Parophrys vetulus",47.79898,-122.436,1942
"129","UW 5441","UW 5441_01","Parophrys vetulus",47.79898,-122.436,1946
"130","UW 5468","UW 5468_01","Parophrys vetulus",47.79898,-122.436,1946
"131","UW 5502","UW 5502","Parophrys vetulus",47.79898,-122.436,1947
"132","UW 5523","UW 5523_01","Parophrys vetulus",47.79898,-122.436,1947
"133","UW 5523","UW 5523_02","Parophrys vetulus",47.79898,-122.436,1947
"134","UW 5523","UW 5523_03","Parophrys vetulus",47.79898,-122.436,1947
"135","UW 5532","UW 5532","Parophrys vetulus",47.72017,-122.3893,1947
"136","UW 5815","UW 5815","Parophrys vetulus",47.3266,-122.7085,1950
"137","UW 5829","UW 5829","Parophrys vetulus",47.71997,-122.5583,1950
"138","UW 6013","UW 6013_01","Parophrys vetulus",47.69277,-122.4204,1950
"139","UW 10394","UW 10394_02","Parophrys vetulus",47.91081,-122.4045,1952
"140","UW 10394","UW 10394_03","Parophrys vetulus",47.91081,-122.4045,1952
"141","UW 10394","UW 10394_01","Parophrys vetulus",47.91081,-122.4045,1952
"142","UW 15961","UW 15961_01","Parophrys vetulus",48.54748,-122.9941,1960
"143","UW 16925","UW 16925","Parophrys vetulus",47.69277,-122.4204,1963
"144","UW 17210","UW 17210_01","Parophrys vetulus",48.54748,-122.9941,1963
"145","UW 17851","UW 17851_01","Parophrys vetulus",48.419029,-122.861886,1963
"146","UW 17851","UW 17851_02","Parophrys vetulus",48.419029,-122.861886,1963
"147","UW 18222","UW 18222_01","Parophrys vetulus",48.54748,-122.9941,1963
"148","UW 17077","UW 17077_01","Parophrys vetulus",48.54748,-122.9941,1964
"149","UW 17077","UW 17077_02","Parophrys vetulus",48.54748,-122.9941,1964
"150","UW 026115","UW 026115_01","Parophrys vetulus",47.66411,-122.4601,1975
"151","UW 026115","UW 026115_03","Parophrys vetulus",47.66411,-122.4601,1975
"152","UW 111168","UW 111168_01","Parophrys vetulus",47.66411,-122.4601,1975
"153","UW 111197","UW 111197","Parophrys vetulus",47.66411,-122.4601,1975
"154","UW 026115","UW 026115_02","Parophrys vetulus",47.66411,-122.4601,1975
"155","UW 026120","UW 026120","Parophrys vetulus",47.95466,-122.4965,1977
"156","UW 026131","UW 026131_01","Parophrys vetulus",48.04189,-122.5249,1978
"157","UW 026131","UW 026131_02","Parophrys vetulus",48.04189,-122.5249,1978
"158","UW 026131","UW 026131_03","Parophrys vetulus",48.04189,-122.5249,1978
"159","UW 026114","UW 026114","Parophrys vetulus",47.7007,-122.4243,1979
"160","UW 40664","UW 40664_01","Parophrys vetulus",48.09012,-122.7601,1979
"161","UW 026119","UW 026119_01","Parophrys vetulus",47.22752,-122.8371,1980
"162","UW 041646","UW 041646","Parophrys vetulus",47.7007,-122.4243,1982
"163","UW 110086","UW 110086_01","Parophrys vetulus",47.49616,-122.4391,1982
"164","UW 026121","UW 026121","Parophrys vetulus",47.7007,-122.4243,1983
"165","UW 110080","UW 110080","Parophrys vetulus",48.1329,-123.0228,1983
"166","UW 48351","UW 48351_01","Parophrys vetulus",47.67915,-122.4258,1984
"167","UW 48351","UW 48351_02","Parophrys vetulus",47.67915,-122.4258,1984
"168","UW 48351","UW 48351_03","Parophrys vetulus",47.67915,-122.4258,1984
"169","UW 48351","UW 48351_04","Parophrys vetulus",47.67915,-122.4258,1984
"170","UW 026122","UW 026122","Parophrys vetulus",47.1413,-122.7658,1987
"171","UW 110118","UW 110118_01","Parophrys vetulus",48.6979,-122.5603,1987
"172","UW 048602","UW 048602_01","Parophrys vetulus",47.58291,-122.4509,1988
"173","UW 026118","UW 026118_01","Parophrys vetulus",47.5463,-122.6472,1989
"174","UW 48587","UW 48587_01","Parophrys vetulus",47.7007,-122.4243,1990
"175","UW 110312","UW 110312_01","Parophrys vetulus",47.61267,-122.4054,1992
"176","UW 110322","UW 110322_01","Parophrys vetulus",48.039264,-122.8514,1992
"177","UW 110373","UW 110373_01","Parophrys vetulus",48.04189,-122.5249,1992
"178","UW 110373","UW 110373_02","Parophrys vetulus",48.04189,-122.5249,1992
"179","UW 110373","UW 110373_03","Parophrys vetulus",48.04189,-122.5249,1992
"180","UW 110373","UW 110373_04","Parophrys vetulus",48.04189,-122.5249,1992
"181","UW 110373","UW 110373_05","Parophrys vetulus",48.04189,-122.5249,1992
"182","UW 110373","UW 110373_06","Parophrys vetulus",48.04189,-122.5249,1992
"183","UW 110373","UW 110373_07","Parophrys vetulus",48.04189,-122.5249,1992
"184","UW 112208","UW 112208_01","Parophrys vetulus",47.66807,-122.5022,1993
"185","UW 112218","UW 112218","Parophrys vetulus",47.66807,-122.5022,1993
"186","UW 112224","UW 112224","Parophrys vetulus",47.66807,-122.5022,1993
"187","UW 048204","UW 048204 HSP 026","Parophrys vetulus",47.71666667,-122.4991667,2003
"188","UW 048204","UW 048204 HSP 028","Parophrys vetulus",47.71666667,-122.4991667,2003
"189","UW 048204","UW 048204 HSP 029","Parophrys vetulus",47.71666667,-122.4991667,2003
"190","UW 048204","UW 048204 HSP 033","Parophrys vetulus",47.71666667,-122.4991667,2003
"191","UW 048204","UW 048204 HSP 034","Parophrys vetulus",47.71666667,-122.4991667,2003
"192","UW 048204","UW 048204 HSP 036","Parophrys vetulus",47.71666667,-122.4991667,2003
"193","UW 047658","UW 047658_01","Parophrys vetulus",47.6103,-122.377,2003
"194","UW 115033","UW 115033_01","Parophrys vetulus",47.5463,-122.6472,2006
"195","UW 151702","UW 151702_06","Parophrys vetulus",48.54748,-122.9941,2007
"196","UW 151702","UW 151702_07","Parophrys vetulus",48.54748,-122.9941,2007
"197","UW 151702","UW 151702_08","Parophrys vetulus",48.54748,-122.9941,2007
"198","UW 154470","UW 154470_01","Parophrys vetulus",48.54748,-122.9941,2007
"199","UW 119985","UW 119985_01","Parophrys vetulus",48.54748,-122.9941,2008
"200","UW 119986","UW 119986_01","Parophrys vetulus",48.54748,-122.9941,2008
"201","UW 119958","UW 119958","Parophrys vetulus",48.54748,-122.9941,2008
"202","UW 119982","UW 119982_01","Parophrys vetulus",48.54748,-122.9941,2008
"203","UW 152939","UW 152939_01","Parophrys vetulus",48.54748,-122.9941,2013
"204","UW 153575","UW 153575","Parophrys vetulus",48.54748,-122.9941,2013
"205","UW 153582","UW 153582_2","Parophrys vetulus",48.54748,-122.9941,2013
"206","UW 155822","UW 155822","Parophrys vetulus",47.9877331,-122.22769,2015
"207","UW 155826","UW 155826_01","Parophrys vetulus",47.9877331,-122.22769,2015
"208","UW 155836","UW 155836_01","Parophrys vetulus",47.9877331,-122.22769,2015
"209","UW 158625","UW 158625_01","Parophrys vetulus",48.54748,-122.9941,2018
"210","UW 158630","UW 158630_01","Parophrys vetulus",48.54748,-122.9941,2018
"211","UW 158630","UW 158630_02","Parophrys vetulus",48.54748,-122.9941,2018
"212","UW 158631","UW 158631_01","Parophrys vetulus",48.54748,-122.9941,2018
"213",NA,"S2T4_076","Parophrys vetulus",47.7007,-122.4243,2019
"214",NA,"S2T4_077","Parophrys vetulus",47.7007,-122.4243,2019
"215",NA,"S3T1_161","Parophrys vetulus",47.7007,-122.4243,2019
"216",NA,"S1T2_003","Parophrys vetulus",47.7007,-122.4243,2019
"217","CAS-SU 021340","CAS-SU 021340_01","Sebastes caurinus",48.553838,-122.995113,1895
"218","CAS-SU 021340","CAS-SU 021340_02","Sebastes caurinus",48.553838,-122.995113,1895
"219","UW 000755","UW 000755_02","Sebastes caurinus",47.58291,-122.4509,1929
"220","UW 000755","UW 000755_03","Sebastes caurinus",47.58291,-122.4509,1929
"221","UW 000755","UW 000755_04","Sebastes caurinus",47.58291,-122.4509,1929
"222","UW 000755","UW 000755_05","Sebastes caurinus",47.58291,-122.4509,1929
"223","UW 000755","UW 000755_06","Sebastes caurinus",47.58291,-122.4509,1929
"224","UW 000755","UW 000755_07","Sebastes caurinus",47.58291,-122.4509,1929
"225","UW 000755","UW 000755_08","Sebastes caurinus",47.58291,-122.4509,1929
"226","UW 000755","UW 000755_09","Sebastes caurinus",47.58291,-122.4509,1929
"227","UW 000755","UW 000755_10","Sebastes caurinus",47.58291,-122.4509,1929
"228","UW 000755","UW 000755_11","Sebastes caurinus",47.58291,-122.4509,1929
"229","UW 000755","UW 000755_12","Sebastes caurinus",47.58291,-122.4509,1929
"230","UW 000755","UW 000755_13","Sebastes caurinus",47.58291,-122.4509,1929
"231","UW 000755","UW 000755_14","Sebastes caurinus",47.58291,-122.4509,1929
"232","UW 000755","UW 000755_15","Sebastes caurinus",47.58291,-122.4509,1929
"233","UW 001052","UW 001052_01","Sebastes caurinus",48.54135296,-123.0031308,1930
"234","UW 001052","UW 001052_02","Sebastes caurinus",48.54135296,-123.0031308,1930
"235","UW 004545","UW 004545_01","Sebastes caurinus",47.946554,-122.31285,1935
"236","UW 004545","UW 004545_02","Sebastes caurinus",47.946554,-122.31285,1935
"237","UW 004545","UW 004545_03","Sebastes caurinus",47.946554,-122.31285,1935
"238","UW 004545","UW 004545_04","Sebastes caurinus",47.946554,-122.31285,1935
"239","UW 007248","UW 007248_01","Sebastes caurinus",47.79726831,-122.8569154,1937
"240","UW 007248","UW 007248_02","Sebastes caurinus",47.79726831,-122.8569154,1937
"241","UW 004488","UW 004488_01","Sebastes caurinus",47.58291,-122.4509,1937
"242","UW 004443","UW 004443_01","Sebastes caurinus",47.1413,-122.7658,1938
"243","UW 004443","UW 004443_02","Sebastes caurinus",47.1413,-122.7658,1938
"244","UW 005079","UW 005079_01","Sebastes caurinus",47.3478757,-122.33027,1939
"245","UW 004368","UW 004368_01","Sebastes caurinus",47.66411,-122.4601,1939
"246","UW 004368","UW 004368_02","Sebastes caurinus",47.66411,-122.4601,1939
"247","UW 004662","UW 004662_01","Sebastes caurinus",47.70962,-122.4065,1940
"248","UW 005447","UW 005447_05","Sebastes caurinus",47.79898,-122.436,1946
"249","UW 005447","UW 005447_09","Sebastes caurinus",47.79898,-122.436,1946
"250","UW 005447","UW 005447_10","Sebastes caurinus",47.79898,-122.436,1946
"251","UW 005476","UW 005476_01","Sebastes caurinus",47.79898,-122.436,1947
"252","UW 005476","UW 005476_02","Sebastes caurinus",47.79898,-122.436,1947
"253","UW 006137","UW 006137_01","Sebastes caurinus",47.40372811,-122.3999147,1948
"254","UW 006137","UW 006137_02","Sebastes caurinus",47.40372811,-122.3999147,1948
"255","UW 006137","UW 006137_03","Sebastes caurinus",47.40372811,-122.3999147,1948
"256","UW 005968","UW 005968_01","Sebastes caurinus",47.72017,-122.3893,1949
"257","UW 006092","UW 006092_01","Sebastes caurinus",47.1413,-122.7658,1949
"258","UW 006092","UW 006092_02","Sebastes caurinus",47.1413,-122.7658,1949
"259","UW 016343","UW 016343_01","Sebastes caurinus",47.402483,-123.113201,1949
"260","UW 016343","UW 016343_02","Sebastes caurinus",47.402483,-123.113201,1949
"261","UW 005910","UW 005910","Sebastes caurinus",47.6953133,-122.40843,1950
"262","UW 005858","UW 005858_01","Sebastes caurinus",47.69277,-122.4204,1950
"263","UW 005858","UW 005858_02","Sebastes caurinus",47.69277,-122.4204,1950
"264","UW 005858","UW 005858_03","Sebastes caurinus",47.69277,-122.4204,1950
"265","UW 016341","UW 016341_01","Sebastes caurinus",47.69277,-122.4204,1951
"266","UW 016341","UW 016341_02","Sebastes caurinus",47.69277,-122.4204,1951
"267","UW 016341","UW 016341_03","Sebastes caurinus",47.69277,-122.4204,1951
"268","UW 016341","UW 016341_04","Sebastes caurinus",47.69277,-122.4204,1951
"269","UW 016341","UW 016341_05","Sebastes caurinus",47.69277,-122.4204,1951
"270","UW 016341","UW 016341_06","Sebastes caurinus",47.69277,-122.4204,1951
"271","UW 016341","UW 016341_07","Sebastes caurinus",47.69277,-122.4204,1951
"272","UW 016341","UW 016341_08","Sebastes caurinus",47.69277,-122.4204,1951
"273","UW 011661","UW 011661_01","Sebastes caurinus",48.67095998,-123.152264,1952
"274","UW 014383","UW 014383","Sebastes caurinus",47.67337,-122.4112,1958
"275","UW 015452","UW 015452_01","Sebastes caurinus",47.67915,-122.4258,1960
"276","UW 017223","UW 017223_01","Sebastes caurinus",48.56423139,-122.9893752,1963
"277","UW 017223","UW 017223_02","Sebastes caurinus",48.56423139,-122.9893752,1963
"278","UW 017223","UW 017223_03","Sebastes caurinus",48.56423139,-122.9893752,1963
"279","UW 017223","UW 017223_04","Sebastes caurinus",48.56423139,-122.9893752,1963
"280","UW 017223","UW 017223_05","Sebastes caurinus",48.56423139,-122.9893752,1963
"281","UW 017223","UW 017223_06","Sebastes caurinus",48.56423139,-122.9893752,1963
"282","UW 017223","UW 017223_07","Sebastes caurinus",48.56423139,-122.9893752,1963
"283","UW 017223","UW 017223_08","Sebastes caurinus",48.56423139,-122.9893752,1963
"284","UW 017223","UW 017223_09","Sebastes caurinus",48.56423139,-122.9893752,1963
"285","UW 017223","UW 017223_10","Sebastes caurinus",48.56423139,-122.9893752,1963
"286","UW 016735","UW 016735_01","Sebastes caurinus",47.69277,-122.4204,1963
"287","UW 017149","UW 017149_01","Sebastes caurinus",47.6953133,-122.40843,1964
"288","UW 042763","UW 042763_01","Sebastes caurinus",47.39097686,-122.3387333,1965
"289","OSU 5463","OSU 5463_01","Sebastes caurinus",47.79726831,-122.8569154,1970
"290","FMNH 80620","FMNH 80620_01","Sebastes caurinus",48.511667,-123.013889,1975
"291","UW 022341","UW 022341_01","Sebastes caurinus",47.838636,-122.81465,1979
"292","UW 022341","UW 022341_02","Sebastes caurinus",47.838636,-122.81465,1979
"293","CUMV 56193","CUMV 56193_01","Sebastes caurinus",47.79726831,-122.8569154,1979
"294","UW 025983","UW 025983_01","Sebastes caurinus",48.04189,-122.5249,1979
"295","FMNH 117188","FMNH 117188_01","Sebastes caurinus",47.607778,-122.426389,1979
"296","UW 110093","UW 110093_01","Sebastes caurinus",47.45056435,-122.3855452,1982
"297","UW 022420","UW 022420_01","Sebastes caurinus",47.7007,-122.4243,1987
"298","UW 021293","UW 021293_01","Sebastes caurinus",48.5500668,-122.9924,1988
"299","UW 047318","UW 047318","Sebastes caurinus",47.1413,-122.7658,2003
"300","UW 047677","UW 047677","Sebastes caurinus",47.6103,-122.377,2003
"301","UW 110102","UW 110102","Sebastes caurinus",48.58896055,-123.025699,2004
"302","UW 113236","UW 113236_01","Sebastes caurinus",48.1231,-122.4378,2005
"303","UW 113249","UW 113249_01","Sebastes caurinus",48.1231,-122.4378,2005
"304","ANSP 7715","ANSP 7715_01","Hypomesus pretiosus",NA,NA,1880
"305","FMNH 52282","FMNH 52282_01","Hypomesus pretiosus",48.600556,-122.961944,1900
"306","CAS-SU 003397","CAS-SU 003397_01","Hypomesus pretiosus",NA,NA,1909
"307","CAS-SU 031694","CAS-SU 031694_01","Hypomesus pretiosus",NA,NA,1921
"308","CAS-SU 031694","CAS-SU 031694_02","Hypomesus pretiosus",NA,NA,1921
"309","CAS-SU 031694","CAS-SU 031694_03","Hypomesus pretiosus",NA,NA,1921
"310","CAS-SU 031694","CAS-SU 031694_04","Hypomesus pretiosus",NA,NA,1921
"311","UW 000505","UW 000505_01","Hypomesus pretiosus",47.674815,-122.415789,1928
"312","CAS-ICH 010932","CAS-ICH 010932_01","Hypomesus pretiosus",NA,NA,1929
"313","UW 000181","UW 000181_01","Hypomesus pretiosus",47.53107808,-122.4032822,1929
"314","UW 000181","UW 000181_02","Hypomesus pretiosus",47.53107808,-122.4032822,1929
"315","UW 000181","UW 000181_03","Hypomesus pretiosus",47.53107808,-122.4032822,1929
"316","UW 000181","UW 000181_04","Hypomesus pretiosus",47.53107808,-122.4032822,1929
"317","UW 000181","UW 000181_05","Hypomesus pretiosus",47.53107808,-122.4032822,1929
"318","UW 000181","UW 000181_06","Hypomesus pretiosus",47.53107808,-122.4032822,1929
"319","UW 000181","UW 000181_07","Hypomesus pretiosus",47.53107808,-122.4032822,1929
"320","UW 000181","UW 000181_08","Hypomesus pretiosus",47.53107808,-122.4032822,1929
"321","UW 000181","UW 000181_09","Hypomesus pretiosus",47.53107808,-122.4032822,1929
"322","UW 000181","UW 000181_10","Hypomesus pretiosus",47.53107808,-122.4032822,1929
"323","UW 000181","UW 000181_11","Hypomesus pretiosus",47.53107808,-122.4032822,1929
"324","UW 000181","UW 000181_12","Hypomesus pretiosus",47.53107808,-122.4032822,1929
"325","UW 000181","UW 000181_13","Hypomesus pretiosus",47.53107808,-122.4032822,1929
"326","UW 000181","UW 000181_14","Hypomesus pretiosus",47.53107808,-122.4032822,1929
"327","UW 005110","UW 005110_01","Hypomesus pretiosus",48.58055622,-122.5381336,1932
"328","UW 005110","UW 005110_02","Hypomesus pretiosus",48.58055622,-122.5381336,1932
"329","UW 005081","UW 005081_01","Hypomesus pretiosus",47.15347562,-123.015143,1935
"330","UW 005102","UW 005102_01","Hypomesus pretiosus",48.25888483,-122.485225,1935
"331","UW 005107","UW 005107_01","Hypomesus pretiosus",48.92118928,-122.7595131,1935
"332","UW 005107","UW 005107_02","Hypomesus pretiosus",48.92118928,-122.7595131,1935
"333","UW 005108","UW 005108_01","Hypomesus pretiosus",48.18547137,-122.3760204,1935
"334","UW 005108","UW 005108_02","Hypomesus pretiosus",48.18547137,-122.3760204,1935
"335","UW 008384","UW 008384_01","Hypomesus pretiosus",48.23468046,-122.7103768,1935
"336","UW 004667","UW 004667_01","Hypomesus pretiosus",47.28910758,-122.453718,1938
"337","UW 004667","UW 004667_02","Hypomesus pretiosus",47.28910758,-122.453718,1938
"338","UW 004667","UW 004667_03","Hypomesus pretiosus",47.28910758,-122.453718,1938
"339","UW 004479","UW 004479_01","Hypomesus pretiosus",47.79898,-122.436,1939
"340","UW 006107","UW 006107_01","Hypomesus pretiosus",47.269932,-122.427866,1940
"341","CAS-ICH 082587","CAS-ICH 082587_01","Hypomesus pretiosus",47.95926772,-122.4940275,1945
"342","CAS-ICH 082587","CAS-ICH 082587_02","Hypomesus pretiosus",47.95926772,-122.4940275,1945
"343","CAS-ICH 082587","CAS-ICH 082587_03","Hypomesus pretiosus",47.95926772,-122.4940275,1945
"344","CAS-ICH 082587","CAS-ICH 082587_04","Hypomesus pretiosus",47.95926772,-122.4940275,1945
"345","CAS-ICH 082587","CAS-ICH 082587_05","Hypomesus pretiosus",47.95926772,-122.4940275,1945
"346","CAS-ICH 82587","CAS-ICH 82587_06","Hypomesus pretiosus",47.95926772,-122.4940275,1945
"347","CAS-ICH 82587","CAS-ICH 82587_07","Hypomesus pretiosus",47.95926772,-122.4940275,1945
"348","CAS-ICH 082588","CAS-ICH 082588_01","Hypomesus pretiosus",NA,NA,1945
"349","CAS-ICH 082588","CAS-ICH 082588_02","Hypomesus pretiosus",NA,NA,1945
"350","CAS-ICH 082588","CAS-ICH 082588_03","Hypomesus pretiosus",NA,NA,1945
"351","UW 005477","UW 005477_01","Hypomesus pretiosus",47.79898,-122.436,1947
"352","UW 005477","UW 005477_02","Hypomesus pretiosus",47.79898,-122.436,1947
"353","UW 005477","UW 005477_03","Hypomesus pretiosus",47.79898,-122.436,1947
"354","CAS-ICH 015263","CAS-ICH 015263_01","Hypomesus pretiosus",48.50674,-122.673,1948
"355","CAS-ICH 015263","CAS-ICH 015263_02","Hypomesus pretiosus",48.50674,-122.673,1948
"356","KU 40248","KU 40248_02","Hypomesus pretiosus",48.61056,-122.864,1960
"357","UW 159927 (ex KU 6804)","UW 159927_01 (ex KU 6804_01)","Hypomesus pretiosus",48.51472,-123.018,1960
"358","UW 159927 (ex KU 6804)","UW 159927_02 (ex KU 6804_02)","Hypomesus pretiosus",48.51472,-123.018,1960
"359","UW 159928 (ex KU 6831)","UW 159928_01 (ex KU 6831_01)","Hypomesus pretiosus",48.51472,-123.018,1960
"360","UW 159929 (ex KU 40248)","UW 159929_01 (ex KU 40248_01)","Hypomesus pretiosus",48.61056,-122.864,1960
"361","OSUM 18494","OSUM 18494_01","Hypomesus pretiosus",48.5325,-123,1961
"362","OSUM 18494","OSUM 18494_02","Hypomesus pretiosus",48.5325,-123,1961
"363","OSUM 18494","OSUM 18494_03","Hypomesus pretiosus",48.5325,-123,1961
"364","OSUM 18494","OSUM 18494_04","Hypomesus pretiosus",48.5325,-123,1961
"365","OSUM 18494","OSUM 18494_05","Hypomesus pretiosus",48.5325,-123,1961
"366","OSUM 18494","OSUM 18494_06","Hypomesus pretiosus",48.5325,-123,1961
"367","OSUM 18494","OSUM 18494_07","Hypomesus pretiosus",48.5325,-123,1961
"368","OSUM 18494","OSUM 18494_08","Hypomesus pretiosus",48.5325,-123,1961
"369","OSUM 18494","OSUM 18494_09","Hypomesus pretiosus",48.5325,-123,1961
"370","UW 027506","UW 027506_01","Hypomesus pretiosus",47.69277,-122.4204,1969
"371","UW 027507","UW 027507_01","Hypomesus pretiosus",48.6979,-122.5603,1974
"372","FMNH 80595","FMNH 80595_01","Hypomesus pretiosus",48.46076095,-123.0323886,1975
"373","FMNH 80595","FMNH 80595_04","Hypomesus pretiosus",48.46076095,-123.0323886,1975
"374","FMNH 80595","FMNH 80595_02","Hypomesus pretiosus",48.46076095,-123.0323886,1975
"375","FMNH 80595","FMNH 80595_03","Hypomesus pretiosus",48.46076095,-123.0323886,1975
"376","CAS-SU 021331","CAS-SU 021331_01","Hypomesus pretiosus",48.55838,-122.995113,1985
"377","CAS-SU 021331","CAS-SU 021331_04","Hypomesus pretiosus",48.55838,-122.995113,1985
"378","CAS-SU 021331","CAS-SU 021331_02","Hypomesus pretiosus",48.55838,-122.995113,1985
"379","CAS-SU 021331","CAS-SU 021331_03","Hypomesus pretiosus",48.55838,-122.995113,1985
"380","UW 156806","UW 156806_01","Hypomesus pretiosus",48.0984,-122.9613,2011
"381","UW 155858","UW 155858_03","Hypomesus pretiosus",48,-122.2167,2015
"382","UW 156014","UW 156014_01","Hypomesus pretiosus",47.9596,-122.2599,2015
"383","FMNH 52288","FMNH 52288_01","Embiotoca lateralis",48.600556,-122.961944,1900
"384","FMNH 52288","FMNH 52288_02","Embiotoca lateralis",48.600556,-122.961944,1900
"385","FMNH 52288","FMNH 52288_03","Embiotoca lateralis",48.600556,-122.961944,1900
"386","FMNH 52288","FMNH 52288_04","Embiotoca lateralis",48.600556,-122.961944,1900
"387","FMNH 52288","FMNH 52288_05","Embiotoca lateralis",48.600556,-122.961944,1900
"388","UW 000770","UW 000770_03","Embiotoca lateralis",47.69277,-122.4204,1929
"389","UW 000798","UW 000798_100","Embiotoca lateralis",47.69277,-122.4204,1929
"390","CAS-SU 031953","DAC-SU 031953_01","Embiotoca lateralis",47.607826,-122.42645,1929
"391","UW 001102","UW 001102_02","Embiotoca lateralis",48.589502,-122.81313,1930
"392","UW 001102","UW 001102_04","Embiotoca lateralis",48.589502,-122.81313,1930
"393","UW 001102","UW 001102_05","Embiotoca lateralis",48.589502,-122.81313,1930
"394","UW 001102","UW 001102_03","Embiotoca lateralis",48.589502,-122.81313,1930
"395","UW 004217","UW 004217_01","Embiotoca lateralis",47.58291,-122.4509,1937
"396","UW 004217","UW 004217_02","Embiotoca lateralis",47.58291,-122.4509,1937
"397","UW 004217","UW 004217_03","Embiotoca lateralis",47.58291,-122.4509,1937
"398","UW 004908","UW 004908_01","Embiotoca lateralis",47.58291,-122.4509,1938
"399","UW 004412","UW 004412_01","Embiotoca lateralis",47.58291,-122.4509,1938
"400","UW 004412","UW 004412_02","Embiotoca lateralis",47.58291,-122.4509,1938
"401","UW 004412","UW 004412_03","Embiotoca lateralis",47.58291,-122.4509,1938
"402","UW 004412","UW 004412_04","Embiotoca lateralis",47.58291,-122.4509,1938
"403","UW 004618","UW 004618_01","Embiotoca lateralis",47.67337,-122.4112,1939
"404","UW 004618","UW 004618_02","Embiotoca lateralis",47.67337,-122.4112,1939
"405","UW 005226","UW 005226_01","Embiotoca lateralis",47.79898,-122.436,1941
"406","UW 005226","UW 005226_02","Embiotoca lateralis",47.79898,-122.436,1941
"407","UW 008113","UW 008113_01","Embiotoca lateralis",47.602117,-122.387123,1946
"408","UW 008113","UW 008113_02","Embiotoca lateralis",47.602117,-122.387123,1946
"409","UW 005409","UW 005409_01","Embiotoca lateralis",47.79898,-122.436,1946
"410","UW 005461","UW 005461_01","Embiotoca lateralis",47.79898,-122.436,1946
"411","UW 005540","UW 005540_01","Embiotoca lateralis",47.72017,-122.3893,1947
"412","UW 005551","UW 005551_01","Embiotoca lateralis",47.72017,-122.3893,1947
"413","UW 005551","UW 005551_02","Embiotoca lateralis",47.72017,-122.3893,1947
"414","UW 005475","UW 005475_01","Embiotoca lateralis",47.79898,-122.436,1947
"415","UW 011687","UW 011687_01","Embiotoca lateralis",47.72017,-122.3893,1949
"416","UW 005836","UW 005836_01","Embiotoca lateralis",47.69277,-122.4204,1949
"417","UW 005853","UW 005853_01","Embiotoca lateralis",47.69277,-122.4204,1949
"418","UW 005983","UW 005983_01","Embiotoca lateralis",47.695313,-122.40843,1949
"419","UW 040615","UW 040615_01","Embiotoca lateralis",47.69277,-122.4204,1950
"420","UW 040615","UW 040615_02","Embiotoca lateralis",47.69277,-122.4204,1950
"421","UW 040619","UW 040619_01","Embiotoca lateralis",47.69277,-122.4204,1950
"422","UW 040619","UW 040619_02","Embiotoca lateralis",47.7833,-122.6,1950
"423","UW 014213","UW 014213_01","Embiotoca lateralis",47.26881171,-122.702734,1951
"424","UW 014213","UW 014213_02","Embiotoca lateralis",47.26881171,-122.702734,1951
"425","UW 014213","UW 014213_03","Embiotoca lateralis",47.26881171,-122.702734,1951
"426","UW 014213","UW 014213_04","Embiotoca lateralis",47.26881171,-122.702734,1951
"427","CMNFI 1968-0530","CMNFI 1968-0530_08","Embiotoca lateralis",48.514122,-123.012716,1955
"428","CMNFI 1968-0530","CMNFI 1968-0530_09","Embiotoca lateralis",48.514122,-123.012716,1955
"429","CMNFI 1968-0530","CMNFI 1968-0530_10","Embiotoca lateralis",48.514122,-123.012716,1955
"430","CMNFI 1968-0530","CMNFI 1968-0530_11","Embiotoca lateralis",48.514122,-123.012716,1955
"431","CMNFI 1968-0530","CMNFI 1968-0530_12","Embiotoca lateralis",48.514122,-123.012716,1955
"432","CMNFI 1968-0530","CMNFI 1968-0530_13","Embiotoca lateralis",48.514122,-123.012716,1955
"433","OSUM 18502","OSUM 18502_01","Embiotoca lateralis",48.54748,-122.9941,1961
"434","OSUM 18502","OSUM 18502_02","Embiotoca lateralis",48.54748,-122.9941,1961
"435","OSUM 18502","OSUM 18502_03","Embiotoca lateralis",48.54748,-122.9941,1961
"436","SIO 15-495","SIOEMBLAT 15-495_11","Embiotoca lateralis",48.518333,-123.015,1963
"437","SIO 15-495","SIOEMBLAT 15-495_12","Embiotoca lateralis",48.518333,-123.015,1963
"438","SIO 15-495","SIOEMBLAT 15-495_14","Embiotoca lateralis",48.518333,-123.015,1963
"439","SIO 15-495","SIOEMBLAT 15-495_15","Embiotoca lateralis",48.518333,-123.015,1963
"440","SIO 15-495","SIOEMBLAT 15-495_50","Embiotoca lateralis",48.518333,-123.015,1963
"441","SIO 15-495","SIOEMBLAT 15-495_51","Embiotoca lateralis",48.518333,-123.015,1963
"442","SIO 15-495","SIOEMBLAT 15-495_52","Embiotoca lateralis",48.518333,-123.015,1963
"443","SIO 15-495","SIOEMBLAT 15-495_53","Embiotoca lateralis",48.518333,-123.015,1963
"444","SIO 15-495","SIOEMBLAT 15-495_54","Embiotoca lateralis",48.518333,-123.015,1963
"445","UW 017203","UW 017203_01","Embiotoca lateralis",48.564231,-122.989375,1963
"446","UW 017203","UW 017203_02","Embiotoca lateralis",48.564231,-122.989375,1963
"447","UW 017203","UW 017203_03","Embiotoca lateralis",48.564231,-122.989375,1963
"448","NHMLA 9442-20","NHMLA 9442-20_01","Embiotoca lateralis",47.319741,-122.548023,1964
"449","NHMLA 9442-20","NHMLA 9442-20_02","Embiotoca lateralis",47.319741,-122.548023,1964
"450","UW 042739","UW 042739_01","Embiotoca lateralis",47.58291,-122.4509,1975
"451","UW 042739","UW 042739_02","Embiotoca lateralis",47.58291,-122.4509,1975
"452","UW 042738","UW 042738_01","Embiotoca lateralis",47.58291,-122.4509,1975
"453","UW 042738","UW 042738_02","Embiotoca lateralis",47.58291,-122.4509,1975
"454","UW 042738","UW 042738_03","Embiotoca lateralis",47.58291,-122.4509,1975
"455","UW 042748","UW 042748_01","Embiotoca lateralis",47.450564,-122.385545,1975
"456","UW 042748","UW 042748_02","Embiotoca lateralis",47.450564,-122.385545,1975
"457","UW 042748","UW 042748_03","Embiotoca lateralis",47.450564,-122.385545,1975
"458","UW 042748","UW 042748_04","Embiotoca lateralis",47.450564,-122.385545,1975
"459","MCZ 58890","MCZ 58890_01","Embiotoca lateralis",47.661882,-122.437203,1978
"460","UW 022023","UW 022023","Embiotoca lateralis",47.58291,-122.4509,1979
"461","UW 028912","UW 028912_01","Embiotoca lateralis",48.04189,-122.5249,1979
"462","UW 110066","UW 110066_01","Embiotoca lateralis",47.7833,-122.6,1982
"463","MCZ 61370","MCZ 61370_01","Embiotoca lateralis",48.571025,-123.167,1984
"464","NHMLA 47271-2","NHMLA 47271-2_01","Embiotoca lateralis",47.727753,-122.527903,1985
"465","NHMLA 47271-2","NHMLA 47271-2_02","Embiotoca lateralis",47.727753,-122.527903,1985
"466","UW 041849","UW 041849_01","Embiotoca lateralis",47.946554,-122.31285,1987
"467","UW 041849","UW 041849_02","Embiotoca lateralis",47.946554,-122.31285,1987
"468","UW 041849","UW 041849_03","Embiotoca lateralis",47.946554,-122.31285,1987
"469","UW 041849","UW 041849_04","Embiotoca lateralis",47.946554,-122.31285,1987
"470","UW 041849","UW 041849_05","Embiotoca lateralis",47.946554,-122.31285,1987
"471","UW 041849","UW 041849_06","Embiotoca lateralis",47.946554,-122.31285,1987
"472","UW 110329","UW 110329_01","Embiotoca lateralis",48.039264,-122.8514,1992
"473","UW 110329","UW 110329_02","Embiotoca lateralis",48.039264,-122.8514,1992
"474","UW 110329","UW 110329_03","Embiotoca lateralis",48.039264,-122.8514,1992
"475","MCZ 145479","MCZ 145479_01","Embiotoca lateralis",48.520171,-123.008475,1995
"476","UT 104.14","UT 104.14_01","Embiotoca lateralis",47.28999,-122.832747,1996
"477","UW 113149","UW 113149_01","Embiotoca lateralis",48.52,-123.0097,2003
"478","UW 113149","UW 113149_02","Embiotoca lateralis",48.52,-123.0097,2003
"479","UW 047630","UW 047630","Embiotoca lateralis",47.6569,-122.705,2003
"480","UW 113233","UW 113233","Embiotoca lateralis",48.1231,-122.4378,2005
"481","UW 153589","UW 153589_01","Embiotoca lateralis",48.54748,-122.9941,2005
"482","UW 153589","UW 153589_02","Embiotoca lateralis",48.54748,-122.9941,2005
"483","UW 153589","UW 153589_04","Embiotoca lateralis",48.54748,-122.9941,2005
"484","UW 155041","UW 155041_02","Embiotoca lateralis",48.52,-123.0097,2014
"485","UW 155041","UW 155041_03","Embiotoca lateralis",48.52,-123.0097,2014
"486","UW 155041","UW 155041_04","Embiotoca lateralis",48.52,-123.0097,2014
"487","UW 155041","UW 155041_100","Embiotoca lateralis",48.52,-123.0097,2014
"488","UW 004693","UW 004693_01","Hydrolagus colliei",47.70962,-122.4065,1938
"489","UW 004789","UW 004789_01","Hydrolagus colliei",47.7623916,-122.39125,1940
"490","UW 008556","UW 008556_01","Hydrolagus colliei",47.69277,-122.4204,1949
"491","UW 008553","UW 008553_01","Hydrolagus colliei",47.1413,-122.7658,1949
"492","UW 008567","UW 008567_01","Hydrolagus colliei",47.1413,-122.7658,1949
"493","UW 005749","UW 005749_01","Hydrolagus colliei",48.4762518,-122.83455,1949
"494","CUMV 37166","CUMV 37166_01","Hydrolagus colliei",47.60666,-122.36494,1950
"495","KU 20259","KU 20259_01","Hydrolagus colliei",48.58060837,-122.6798859,1951
"496","UW 014977","UW 014977_01","Hydrolagus colliei",47.1413,-122.7658,1951
"497","TU 6591","TU 6591_01","Hydrolagus colliei",NA,NA,1951
"498","UW 008562","UW 008562_01","Hydrolagus colliei",48.50043198,-122.8562833,1951
"499","CUMV 37165","CUMV 37165_01","Hydrolagus colliei",47.5463,-122.6472,1952
"500","UF 52256","UF 52256_01","Hydrolagus colliei",48.083333,-122.866667,1953
"501","UF 52256","UF 52256_02","Hydrolagus colliei",48.083333,-122.866667,1953
"502","KU 5894","KU 5894_01","Hydrolagus colliei",48.4525528,-122.9552383,1960
"503","TU 85530","TU 85530_01","Hydrolagus colliei",48.48333,-122.85,1961
"504","SIO 15-473","SIO 15-473_01","Hydrolagus colliei",48.247,-122.546,1963
"505","SIO 15-473","SIO 15-473_02","Hydrolagus colliei",48.247,-122.546,1963
"506","SIO 15-473","SIO 15-473_03","Hydrolagus colliei",48.247,-122.546,1963
"507","UW 017145","UW 017145_01","Hydrolagus colliei",47.7007,-122.4243,1964
"508","UW 19634","UW 19634_02","Hydrolagus colliei",47.66411,-122.4601,1967
"509","UW 19634","UW 19634_01","Hydrolagus colliei",47.66411,-122.4601,1967
"510","UW 19634","UW 19634_03","Hydrolagus colliei",47.66411,-122.4601,1967
"511","UT 81968","UT 81968_03","Hydrolagus colliei",48.52100761,-123.0123919,1969
"512","UT 81968","UT 81968_01","Hydrolagus colliei",48.52100761,-123.0123919,1969
"513","UT 81968","UT 81968_02","Hydrolagus colliei",48.52100761,-123.0123919,1969
"514","SIO 87-91","SIO 87-91_03","Hydrolagus colliei",48.5333333,-123.0166667,1978
"515","SIO 87-91","SIO 87-91_01","Hydrolagus colliei",48.5333333,-123.0166667,1978
"516","SIO 87-91","SIO 87-91_02","Hydrolagus colliei",48.5333333,-123.0166667,1978
"517","FMNH 117180","FMNH 117180_01","Hydrolagus colliei",NA,NA,1979
"518","FMNH 117180","FMNH 117180_02","Hydrolagus colliei",NA,NA,1979
"519","UW 110112","UW 110112_01","Hydrolagus colliei",47.41264009,-122.4347749,1982
"520","UW 110112","UW 110112_02","Hydrolagus colliei",47.41264009,-122.4347749,1982
"521","UW 026181","UW 026181_01","Hydrolagus colliei",47.7007,-122.4243,1983
"522","UF 46827","UF 46827_01","Hydrolagus colliei",47.6042,-122.43058,1986
"523","UF  46827","UF 46827_02","Hydrolagus colliei",47.784539,-122.437132,1986
"524","UF  46827","UF 46827_03","Hydrolagus colliei",47.784539,-122.437132,1986
"525","ANSP 177862","ANSP 177862_01","Hydrolagus colliei",48.54748,-122.9941,1993
"526","UW 017872","UW 017872_01","Hydrolagus colliei",48.419029,-122.861886,1993
"527","UW 017872","UW 017872_04","Hydrolagus colliei",48.419029,-122.861886,1993
"528","UW 017872","UW 017872_05","Hydrolagus colliei",48.419029,-122.861886,1993
"529","UW 017872","UW 017872_02","Hydrolagus colliei",48.419029,-122.861886,1993
"530","UW 017872","UW 017872_03","Hydrolagus colliei",48.419029,-122.861886,1993
"531","UW 047649","UW 047649","Hydrolagus colliei",47.7003,-122.4831,2003
"532","UW 157247","UW 157247_2","Hydrolagus colliei",48.0452,-122.3027,2017
"533","UW 157247","UW 157247_3","Hydrolagus colliei",48.0452,-122.3027,2017
"534","UW 002887","UW 002887_02","Theragra chalcogramma",48.6835305,-123.00257,1906
"535","UW 002887","UW 002887_03","Theragra chalcogramma",48.6835305,-123.00257,1906
"536","UW 002887","UW 002887_04","Theragra chalcogramma",48.6835305,-123.00257,1906
"537","UW 002887","UW 002887_05","Theragra chalcogramma",48.6835305,-123.00257,1906
"538","UW 000686","UW 000686_01","Theragra chalcogramma",48.55153646,-122.9201616,1929
"539","UW 000686","UW 000686_02","Theragra chalcogramma",48.55153646,-122.9201616,1929
"540","UW 002220","UW 002220_01","Theragra chalcogramma",48.55153646,-122.9201616,1932
"541","UW 002220","UW 002220_02","Theragra chalcogramma",48.55153646,-122.9201616,1932
"542","UW 002282","UW 002282_01","Theragra chalcogramma",48.6330603,-122.87028,1932
"543","UW 002282","UW 002282_02","Theragra chalcogramma",48.6330603,-122.87028,1932
"544","UW 002282","UW 002282_03","Theragra chalcogramma",48.6330603,-122.87028,1932
"545","UW 002282","UW 002282_04","Theragra chalcogramma",48.6330603,-122.87028,1932
"546","UW 002535","UW 002535_01","Theragra chalcogramma",48.171236,-122.54911,1932
"547","UW 002535","UW 002535_02","Theragra chalcogramma",48.171236,-122.54911,1932
"548","UW 002566","UW 002566_01","Theragra chalcogramma",48.0203851,-122.32145,1932
"549","UW 002667","UW 002667_01","Theragra chalcogramma",48.0182854,-122.32946,1933
"550","UW 002667","UW 002667_02","Theragra chalcogramma",48.0182854,-122.32946,1933
"551","UW 002667","UW 002667_03","Theragra chalcogramma",48.0182854,-122.32946,1933
"552","UW 002667","UW 002667_04","Theragra chalcogramma",48.0182854,-122.32946,1933
"553","UW 004511","UW 004511_01","Theragra chalcogramma",47.8606,-122.5025,1937
"554","UW 004713","UW 004713_01","Theragra chalcogramma",47.7623916,-122.39125,1940
"555","UW 005697","UW 005697_01","Theragra chalcogramma",48.4762518,-122.83455,1949
"556","UW 005697","UW 005697_02","Theragra chalcogramma",48.4762518,-122.83455,1949
"557","UW 005697","UW 005697_03","Theragra chalcogramma",48.4762518,-122.83455,1949
"558","UW 005697","UW 005697_04","Theragra chalcogramma",48.4762518,-122.83455,1949
"559","UW 005732","UW 005732_01","Theragra chalcogramma",47.69277,-122.4204,1949
"560","UW 005732","UW 005732_02","Theragra chalcogramma",47.69277,-122.4204,1949
"561","UW 005758","UW 005758_01","Theragra chalcogramma",48.6548115,-122.88891,1949
"562","UW 005758","UW 005758_02","Theragra chalcogramma",48.6548115,-122.88891,1949
"563","UW 006042","UW 006042_02","Theragra chalcogramma",48.60624741,-122.59668,1949
"564","UW 005761","UW 005761_01","Theragra chalcogramma",48.6548115,-122.88891,1949
"565","UW 005779","UW 005779_01","Theragra chalcogramma",47.4166372,-123.13875,1949
"566","UW 005779","UW 005779_02","Theragra chalcogramma",47.4166372,-123.13875,1949
"567","UW 006042","UW 006042_01","Theragra chalcogramma",48.60624741,-122.59668,1949
"568","UW 008377","UW 008377_01","Theragra chalcogramma",47.69277,-122.4204,1951
"569","UW 015341","UW 015341_01","Theragra chalcogramma",48.54748,-122.9941,1953
"570","UW 015341","UW 015341_02","Theragra chalcogramma",48.54748,-122.9941,1953
"571","UW 045001","UW 045001_01","Theragra chalcogramma",48.54457358,-123.0127046,1953
"572","UW 017025","UW 017025_01","Theragra chalcogramma",48.16060856,-122.7242108,1957
"573","UW 017119","UW 017119_01","Theragra chalcogramma",47.5463,-122.6472,1964
"574","UW 017150","UW 017150_01","Theragra chalcogramma",47.6953133,-122.40843,1964
"575","UW 017150","UW 017150_02","Theragra chalcogramma",47.6953133,-122.40843,1964
"576","UW 029073","UW 029073_06","Theragra chalcogramma",48.54748,-122.9941,1979
"577","UW 029073","UW 029073_07","Theragra chalcogramma",48.54748,-122.9941,1979
"578","UW 029073","UW 029073_08","Theragra chalcogramma",48.54748,-122.9941,1979
"579","UW 029073","UW 029073_09","Theragra chalcogramma",48.54748,-122.9941,1979
"580","UW 029073","UW 029073_10","Theragra chalcogramma",48.54748,-122.9941,1979
"581","UW 029073","UW 029073_11","Theragra chalcogramma",48.54748,-122.9941,1979
"582","UW 029073","UW 029073_12","Theragra chalcogramma",48.54748,-122.9941,1979
"583","UW 029073","UW 029073_01","Theragra chalcogramma",48.54748,-122.9941,1979
"584","UW 029073","UW 029073_02","Theragra chalcogramma",48.54748,-122.9941,1979
"585","UW 029073","UW 029073_03","Theragra chalcogramma",48.54748,-122.9941,1979
"586","UW 029073","UW 029073_04","Theragra chalcogramma",48.54748,-122.9941,1979
"587","UW 029073","UW 029073_05","Theragra chalcogramma",48.54748,-122.9941,1979
"588","UW 110122","UW 110122_01","Theragra chalcogramma",47.45056435,-122.3855452,1982
"589","UW 110122","UW 110122_02","Theragra chalcogramma",47.45056435,-122.3855452,1982
"590","UW 029064","UW 029064_01","Theragra chalcogramma",47.6953133,-122.40843,1983
"591","UW 029064","UW 029064_02","Theragra chalcogramma",47.6953133,-122.40843,1983
"592","UW 117905","UW 117905_01","Theragra chalcogramma",47.1413,-122.7658,1990
"593","UW 117905","UW 117905_02","Theragra chalcogramma",47.1413,-122.7658,1990
"594","UW 111763","UW 111763_01","Theragra chalcogramma",47.8606,-122.5025,1991
"595","UW 111763","UW 111763_03","Theragra chalcogramma",47.8606,-122.5025,1991
"596","UW 111763","UW 111763_04","Theragra chalcogramma",47.8606,-122.5025,1991
"597","UW 111763","UW 111763_05","Theragra chalcogramma",47.8606,-122.5025,1991
"598","UW 110606","UW 110606_01","Theragra chalcogramma",48.54748,-122.9941,1993
"599","UW 110606","UW 110606_02","Theragra chalcogramma",48.54748,-122.9941,1993
"600","UW 110606","UW 110606_03","Theragra chalcogramma",48.54748,-122.9941,1993
"601","UW 110606","UW 110606_04","Theragra chalcogramma",48.54748,-122.9941,1993
"602","UW 110606","UW 110606_05","Theragra chalcogramma",48.54748,-122.9941,1993
"603","UW 110606","UW 110606_06","Theragra chalcogramma",48.54748,-122.9941,1993
"604","UW 110606","UW 110606_07","Theragra chalcogramma",48.54748,-122.9941,1993
"605","UW 110606","UW 110606_08","Theragra chalcogramma",48.54748,-122.9941,1993
"606","UW 152946","UW 152946_05","Theragra chalcogramma",48.5758,-122.8867,2007
"607","UW 152946","UW 152946_06","Theragra chalcogramma",48.5758,-122.8867,2007
"608","UW 152946","UW 152946_07","Theragra chalcogramma",48.5758,-122.8867,2007
"609","UW 152946","UW 152946_08","Theragra chalcogramma",48.5758,-122.8867,2007
"610","UW 152946","UW 152946_09","Theragra chalcogramma",48.5758,-122.8867,2007
"611","UW 152946","UW 152946_10","Theragra chalcogramma",48.5758,-122.8867,2007
"612","UW 152946","UW 152946_11","Theragra chalcogramma",48.5758,-122.8867,2007
"613","UW 152946","UW 152946_12","Theragra chalcogramma",48.5758,-122.8867,2007
"614","UW 152946","UW 152946_04","Theragra chalcogramma",48.5758,-122.8867,2007
"615","UW 152946","UW 152946_13","Theragra chalcogramma",48.5758,-122.8867,2007
"616","UW 152946","UW 152946_14","Theragra chalcogramma",48.5758,-122.8867,2007
"617","UW 152919","UW 152919_03","Theragra chalcogramma",48.5765,-123.0488,2009
"618","UW 151784","UW 151784_03","Theragra chalcogramma",48.5758,-123.0458,2011
"619","UW 151784","UW 151784_06","Theragra chalcogramma",48.5758,-123.0458,2011
"620","UW 153264","UW 153264_03","Theragra chalcogramma",48.5727,-123.043,2013
"621","UW 153264","UW 153264_07","Theragra chalcogramma",48.5727,-123.043,2013
"622","UW 155505","UW 155505_06","Theragra chalcogramma",48.5706,-123.0425,2014
"623","UW 155505","UW 155505_07","Theragra chalcogramma",48.5706,-123.0425,2014
"624","UW 155970","UW 155970_02","Theragra chalcogramma",48.589,-123.043,2015
"625","UW 155970","UW 155970_04","Theragra chalcogramma",48.589,-123.043,2015
"626","UW 156502","UW 156502_02","Theragra chalcogramma",48.5827,-123.0543,2016
"627","UW 156502","UW 156502_03","Theragra chalcogramma",48.5827,-123.0543,2016
"628","UW 157429","UW 157429_03","Theragra chalcogramma",48.577,-123.0465,2017
"629","UW 157429","UW 157429_06","Theragra chalcogramma",48.577,-123.0465,2017
"630","UW 158627","UW 158627_01","Theragra chalcogramma",48.5815,-123.0546,2018
"631","UW 158627","UW 158627_03","Theragra chalcogramma",48.5815,-123.0546,2018
"632","UW 002567","UW 002567_01","Merluccius productus",48.020385,-122.32145,1932
"633","UW 015334","UW 015334_01","Merluccius productus",47.784539,-122.437132,1932
"634","UW 015334","UW 015334_02","Merluccius productus",47.784539,-122.437132,1932
"635","UW 002668","UW 002668_01","Merluccius productus",48.018285,-122.32946,1933
"636","UW 002668","UW 002668_02","Merluccius productus",48.018285,-122.32946,1933
"637","UW 002668","UW 002668_03","Merluccius productus",48.018285,-122.32946,1933
"638","UW 002668","UW 002668_04","Merluccius productus",48.018285,-122.32946,1933
"639","UW 002668","UW 002668_05","Merluccius productus",48.018285,-122.32946,1933
"640","UW 002668","UW 002668_06","Merluccius productus",48.018285,-122.32946,1933
"641","UW 002668","UW 002668_07","Merluccius productus",48.018285,-122.32946,1933
"642","UW 002668","UW 002668_08","Merluccius productus",48.018285,-122.32946,1933
"643","UW 002668","UW 002668_09","Merluccius productus",48.018285,-122.32946,1933
"644","UW 003955","UW 003955_01","Merluccius productus",47.416637,-123.138751,1936
"645","UW 003955","UW 003955_02","Merluccius productus",47.416637,-123.138751,1936
"646","UW 005211","UW 005211_01","Merluccius productus",48.163077,-122.54076,1941
"647","UW 005659","UW 005659_01","Merluccius productus",47.364885,-122.66367,1949
"648","UW 005659","UW 005659_02","Merluccius productus",47.364885,-122.66367,1949
"649","UW 007628","UW 007628_01","Merluccius productus",47.780019,-122.47313,1951
"650","UW 019134","UW 019134_01","Merluccius productus",48.080323,-122.532919,1966
"651","UW 019134","UW 019134_02","Merluccius productus",48.080323,-122.532919,1966
"652","UW 019134","UW 019134_03","Merluccius productus",48.080323,-122.532919,1966
"653","UW 019134","UW 019134_04","Merluccius productus",48.080323,-122.532919,1966
"654","UW 019134","UW 019134_05","Merluccius productus",48.080323,-122.532919,1966
"655","UW 019134","UW 019134_06","Merluccius productus",48.080323,-122.532919,1966
"656","UW 019134","UW 019134_07","Merluccius productus",48.080323,-122.532919,1966
"657","UW 019134","UW 019134_08","Merluccius productus",48.080323,-122.532919,1966
"658","UW 019134","UW 019134_09","Merluccius productus",48.080323,-122.532919,1966
"659","UW 028785","UW 028785_01","Merluccius productus",48.853361,-122.83557,1975
"660","UW 028785","UW 028785_02","Merluccius productus",48.853361,-122.83557,1975
"661","UW 045123","UW 045123_01","Merluccius productus",47.75,-122.8333,1985
"662","UW 045123","UW 045123_02","Merluccius productus",47.75,-122.8333,1985
"663","UW 045123","UW 045123_03","Merluccius productus",47.75,-122.8333,1985
"664","UW 045123","UW 045123_04","Merluccius productus",47.75,-122.8333,1985
"665","UW 045123","UW 045123_05","Merluccius productus",47.75,-122.8333,1985
"666","UW 045241","UW 045241_01","Merluccius productus",47.8,-122.8,1986
"667","UW 045241","UW 045241_02","Merluccius productus",47.8,-122.8,1986
"668","UW 045241","UW 045241_03","Merluccius productus",47.8,-122.8,1986
"669","UW 045377","UW 045377_01","Merluccius productus",47.75,-122.8333,1986
"670","UW 045377","UW 045377_02","Merluccius productus",47.75,-122.8333,1986
"671","UW 045422","UW 045422_03","Merluccius productus",47.75,-122.8333,1987
"672","UW 045422","UW 045422_01","Merluccius productus",47.75,-122.8333,1987
"673","UW 045422","UW 045422_02","Merluccius productus",47.75,-122.8333,1987
"674","UW 045422","UW 045422_04","Merluccius productus",47.75,-122.8333,1987
"675","UW 117903","UW 117903_01","Merluccius productus",47.736017,-122.53089,1990
"676","UW 117903","UW 117903_02","Merluccius productus",47.736017,-122.53089,1990
"677","UW 117903","UW 117903_03","Merluccius productus",47.736017,-122.53089,1990
"678","UW 112204","UW 112204_04","Merluccius productus",48.161345,-122.722356,1991
"679","UW 110758","UW 110758_01","Merluccius productus",47.3772,-123.0878,1991
"680","UW 110758","UW 110758_02","Merluccius productus",47.3772,-123.0878,1991
"681","UW 110758","UW 110758_03","Merluccius productus",47.3772,-123.0878,1991
"682","UW 110758","UW 110758_04","Merluccius productus",47.3772,-123.0878,1991
"683","UW 110758","UW 110758_05","Merluccius productus",47.3772,-123.0878,1991
"684","UW 110758","UW 110758_06","Merluccius productus",47.3772,-123.0878,1991
"685","UW 110758","UW 110758_07","Merluccius productus",47.3772,-123.0878,1991
"686","UW 110766","UW 110766_01","Merluccius productus",47.9731,-122.5028,1991
"687","UW 110364","UW 110364_01","Merluccius productus",48.04189,-122.5249,1992
"688","UW 110364","UW 110364_02","Merluccius productus",48.04189,-122.5249,1992
"689","UW 156371","UW 156371_13","Merluccius productus",48.0511,-122.3839,2016
"690","UW 156371","UW 156371_01","Merluccius productus",48.0511,-122.3839,2016
"691","UW 156371","UW 156371_02","Merluccius productus",48.0511,-122.3839,2016
"692","UW 156371","UW 156371_03","Merluccius productus",48.0511,-122.3839,2016
"693","UW 156371","UW 156371_04","Merluccius productus",48.0511,-122.3839,2016
"694","UW 156371","UW 156371_05","Merluccius productus",48.0511,-122.3839,2016
"695","UW 156371","UW 156371_06","Merluccius productus",48.0511,-122.3839,2016
"696","UW 156371","UW 156371_09","Merluccius productus",48.0511,-122.3839,2016
"697","UW 156371","UW 156371_10","Merluccius productus",48.0511,-122.3839,2016
"698","UW 156371","UW 156371_11","Merluccius productus",48.0511,-122.3839,2016
"699","UW 156371","UW 156371_12","Merluccius productus",48.0511,-122.3839,2016
